[{"COD_RIP":"2","COD_REG":"6","COD_PROV":"93","COD_CM":"0","COD_UTS":"93","DEN_PROV":"Pordenone","DEN_CM":"-","DEN_UTS":"Pordenone","SIGLA":"PN","TIPO_UTS":"Unit\u00e0 non amministrativa","DEN_REG":"Friuli Venezia Giulia","DEN_RIP":"Nord-Est","ONTOPIA":"https:\/\/w3id.org\/italia\/controlled-vocabulary\/territorial-classifications\/provinces\/093"},{"COD_RIP":"4","COD_REG":"14","COD_PROV":"94","COD_CM":"0","COD_UTS":"94","DEN_PROV":"Isernia","DEN_CM":"-","DEN_UTS":"Isernia","SIGLA":"IS","TIPO_UTS":"Provincia","DEN_REG":"Molise","DEN_RIP":"Sud","ONTOPIA":"https:\/\/w3id.org\/italia\/controlled-vocabulary\/territorial-classifications\/provinces\/094"},{"COD_RIP":"1","COD_REG":"1","COD_PROV":"96","COD_CM":"0","COD_UTS":"96","DEN_PROV":"Biella","DEN_CM":"-","DEN_UTS":"Biella","SIGLA":"BI","TIPO_UTS":"Provincia","DEN_REG":"Piemonte","DEN_RIP":"Nord-Ovest","ONTOPIA":"https:\/\/w3id.org\/italia\/controlled-vocabulary\/territorial-classifications\/provinces\/096"},{"COD_RIP":"1","COD_REG":"3","COD_PROV":"97","COD_CM":"0","COD_UTS":"97","DEN_PROV":"Lecco","DEN_CM":"-","DEN_UTS":"Lecco","SIGLA":"LC","TIPO_UTS":"Provincia","DEN_REG":"Lombardia","DEN_RIP":"Nord-Ovest","ONTOPIA":"https:\/\/w3id.org\/italia\/controlled-vocabulary\/territorial-classifications\/provinces\/097"},{"COD_RIP":"1","COD_REG":"3","COD_PROV":"98","COD_CM":"0","COD_UTS":"98","DEN_PROV":"Lodi","DEN_CM":"-","DEN_UTS":"Lodi","SIGLA":"LO","TIPO_UTS":"Provincia","DEN_REG":"Lombardia","DEN_RIP":"Nord-Ovest","ONTOPIA":"https:\/\/w3id.org\/italia\/controlled-vocabulary\/territorial-classifications\/provinces\/098"},{"COD_RIP":"2","COD_REG":"8","COD_PROV":"99","COD_CM":"0","COD_UTS":"99","DEN_PROV":"Rimini","DEN_CM":"-","DEN_UTS":"Rimini","SIGLA":"RN","TIPO_UTS":"Provincia","DEN_REG":"Emilia-Romagna","DEN_RIP":"Nord-Est","ONTOPIA":"https:\/\/w3id.org\/italia\/controlled-vocabulary\/territorial-classifications\/provinces\/099"},{"COD_RIP":"3","COD_REG":"9","COD_PROV":"100","COD_CM":"0","COD_UTS":"100","DEN_PROV":"Prato","DEN_CM":"-","DEN_UTS":"Prato","SIGLA":"PO","TIPO_UTS":"Provincia","DEN_REG":"Toscana","DEN_RIP":"Centro","ONTOPIA":"https:\/\/w3id.org\/italia\/controlled-vocabulary\/territorial-classifications\/provinces\/100"},{"COD_RIP":"4","COD_REG":"18","COD_PROV":"101","COD_CM":"0","COD_UTS":"101","DEN_PROV":"Crotone","DEN_CM":"-","DEN_UTS":"Crotone","SIGLA":"KR","TIPO_UTS":"Provincia","DEN_REG":"Calabria","DEN_RIP":"Sud","ONTOPIA":"https:\/\/w3id.org\/italia\/controlled-vocabulary\/territorial-classifications\/provinces\/101"},{"COD_RIP":"4","COD_REG":"18","COD_PROV":"102","COD_CM":"0","COD_UTS":"102","DEN_PROV":"Vibo Valentia","DEN_CM":"-","DEN_UTS":"Vibo Valentia","SIGLA":"VV","TIPO_UTS":"Provincia","DEN_REG":"Calabria","DEN_RIP":"Sud","ONTOPIA":"https:\/\/w3id.org\/italia\/controlled-vocabulary\/territorial-classifications\/provinces\/102"},{"COD_RIP":"1","COD_REG":"1","COD_PROV":"103","COD_CM":"0","COD_UTS":"103","DEN_PROV":"Verbano-Cusio-Ossola","DEN_CM":"-","DEN_UTS":"Verbano-Cusio-Ossola","SIGLA":"VB","TIPO_UTS":"Provincia","DEN_REG":"Piemonte","DEN_RIP":"Nord-Ovest","ONTOPIA":"https:\/\/w3id.org\/italia\/controlled-vocabulary\/territorial-classifications\/provinces\/103"},{"COD_RIP":"1","COD_REG":"3","COD_PROV":"108","COD_CM":"0","COD_UTS":"108","DEN_PROV":"Monza e della Brianza","DEN_CM":"-","DEN_UTS":"Monza e della Brianza","SIGLA":"MB","TIPO_UTS":"Provincia","DEN_REG":"Lombardia","DEN_RIP":"Nord-Ovest","ONTOPIA":"https:\/\/w3id.org\/italia\/controlled-vocabulary\/territorial-classifications\/provinces\/108"},{"COD_RIP":"3","COD_REG":"11","COD_PROV":"109","COD_CM":"0","COD_UTS":"109","DEN_PROV":"Fermo","DEN_CM":"-","DEN_UTS":"Fermo","SIGLA":"FM","TIPO_UTS":"Provincia","DEN_REG":"Marche","DEN_RIP":"Centro","ONTOPIA":"https:\/\/w3id.org\/italia\/controlled-vocabulary\/territorial-classifications\/provinces\/109"},{"COD_RIP":"4","COD_REG":"16","COD_PROV":"110","COD_CM":"0","COD_UTS":"110","DEN_PROV":"Barletta-Andria-Trani","DEN_CM":"-","DEN_UTS":"Barletta-Andria-Trani","SIGLA":"BT","TIPO_UTS":"Provincia","DEN_REG":"Puglia","DEN_RIP":"Sud","ONTOPIA":"https:\/\/w3id.org\/italia\/controlled-vocabulary\/territorial-classifications\/provinces\/110"},{"COD_RIP":"1","COD_REG":"1","COD_PROV":"1","COD_CM":"201","COD_UTS":"201","DEN_PROV":"-","DEN_CM":"Torino","DEN_UTS":"Torino","SIGLA":"TO","TIPO_UTS":"Citta metropolitana","DEN_REG":"Piemonte","DEN_RIP":"Nord-Ovest","ONTOPIA":"https:\/\/w3id.org\/italia\/controlled-vocabulary\/territorial-classifications\/provinces\/001"},{"COD_RIP":"1","COD_REG":"1","COD_PROV":"2","COD_CM":"0","COD_UTS":"2","DEN_PROV":"Vercelli","DEN_CM":"-","DEN_UTS":"Vercelli","SIGLA":"VC","TIPO_UTS":"Provincia","DEN_REG":"Piemonte","DEN_RIP":"Nord-Ovest","ONTOPIA":"https:\/\/w3id.org\/italia\/controlled-vocabulary\/territorial-classifications\/provinces\/002"},{"COD_RIP":"1","COD_REG":"1","COD_PROV":"3","COD_CM":"0","COD_UTS":"3","DEN_PROV":"Novara","DEN_CM":"-","DEN_UTS":"Novara","SIGLA":"NO","TIPO_UTS":"Provincia","DEN_REG":"Piemonte","DEN_RIP":"Nord-Ovest","ONTOPIA":"https:\/\/w3id.org\/italia\/controlled-vocabulary\/territorial-classifications\/provinces\/003"},{"COD_RIP":"1","COD_REG":"1","COD_PROV":"4","COD_CM":"0","COD_UTS":"4","DEN_PROV":"Cuneo","DEN_CM":"-","DEN_UTS":"Cuneo","SIGLA":"CN","TIPO_UTS":"Provincia","DEN_REG":"Piemonte","DEN_RIP":"Nord-Ovest","ONTOPIA":"https:\/\/w3id.org\/italia\/controlled-vocabulary\/territorial-classifications\/provinces\/004"},{"COD_RIP":"1","COD_REG":"1","COD_PROV":"5","COD_CM":"0","COD_UTS":"5","DEN_PROV":"Asti","DEN_CM":"-","DEN_UTS":"Asti","SIGLA":"AT","TIPO_UTS":"Provincia","DEN_REG":"Piemonte","DEN_RIP":"Nord-Ovest","ONTOPIA":"https:\/\/w3id.org\/italia\/controlled-vocabulary\/territorial-classifications\/provinces\/005"},{"COD_RIP":"1","COD_REG":"1","COD_PROV":"6","COD_CM":"0","COD_UTS":"6","DEN_PROV":"Alessandria","DEN_CM":"-","DEN_UTS":"Alessandria","SIGLA":"AL","TIPO_UTS":"Provincia","DEN_REG":"Piemonte","DEN_RIP":"Nord-Ovest","ONTOPIA":"https:\/\/w3id.org\/italia\/controlled-vocabulary\/territorial-classifications\/provinces\/006"},{"COD_RIP":"1","COD_REG":"2","COD_PROV":"7","COD_CM":"0","COD_UTS":"7","DEN_PROV":"Aosta","DEN_CM":"-","DEN_UTS":"Aosta","SIGLA":"AO","TIPO_UTS":"Provincia","DEN_REG":"Valle d'Aosta","DEN_RIP":"Nord-Ovest","ONTOPIA":"https:\/\/w3id.org\/italia\/controlled-vocabulary\/territorial-classifications\/provinces\/007"},{"COD_RIP":"1","COD_REG":"7","COD_PROV":"8","COD_CM":"0","COD_UTS":"8","DEN_PROV":"Imperia","DEN_CM":"-","DEN_UTS":"Imperia","SIGLA":"IM","TIPO_UTS":"Provincia","DEN_REG":"Liguria","DEN_RIP":"Nord-Ovest","ONTOPIA":"https:\/\/w3id.org\/italia\/controlled-vocabulary\/territorial-classifications\/provinces\/008"},{"COD_RIP":"1","COD_REG":"7","COD_PROV":"9","COD_CM":"0","COD_UTS":"9","DEN_PROV":"Savona","DEN_CM":"-","DEN_UTS":"Savona","SIGLA":"SV","TIPO_UTS":"Provincia","DEN_REG":"Liguria","DEN_RIP":"Nord-Ovest","ONTOPIA":"https:\/\/w3id.org\/italia\/controlled-vocabulary\/territorial-classifications\/provinces\/009"},{"COD_RIP":"1","COD_REG":"7","COD_PROV":"10","COD_CM":"210","COD_UTS":"210","DEN_PROV":"-","DEN_CM":"Genova","DEN_UTS":"Genova","SIGLA":"GE","TIPO_UTS":"Provincia","DEN_REG":"Liguria","DEN_RIP":"Nord-Ovest","ONTOPIA":"https:\/\/w3id.org\/italia\/controlled-vocabulary\/territorial-classifications\/provinces\/010"},{"COD_RIP":"1","COD_REG":"7","COD_PROV":"11","COD_CM":"0","COD_UTS":"11","DEN_PROV":"La Spezia","DEN_CM":"-","DEN_UTS":"La Spezia","SIGLA":"SP","TIPO_UTS":"Provincia","DEN_REG":"Liguria","DEN_RIP":"Nord-Ovest","ONTOPIA":"https:\/\/w3id.org\/italia\/controlled-vocabulary\/territorial-classifications\/provinces\/011"},{"COD_RIP":"1","COD_REG":"3","COD_PROV":"12","COD_CM":"0","COD_UTS":"12","DEN_PROV":"Varese","DEN_CM":"-","DEN_UTS":"Varese","SIGLA":"VA","TIPO_UTS":"Provincia","DEN_REG":"Lombardia","DEN_RIP":"Nord-Ovest","ONTOPIA":"https:\/\/w3id.org\/italia\/controlled-vocabulary\/territorial-classifications\/provinces\/012"},{"COD_RIP":"1","COD_REG":"3","COD_PROV":"13","COD_CM":"0","COD_UTS":"13","DEN_PROV":"Como","DEN_CM":"-","DEN_UTS":"Como","SIGLA":"CO","TIPO_UTS":"Provincia","DEN_REG":"Lombardia","DEN_RIP":"Nord-Ovest","ONTOPIA":"https:\/\/w3id.org\/italia\/controlled-vocabulary\/territorial-classifications\/provinces\/013"},{"COD_RIP":"1","COD_REG":"3","COD_PROV":"14","COD_CM":"0","COD_UTS":"14","DEN_PROV":"Sondrio","DEN_CM":"-","DEN_UTS":"Sondrio","SIGLA":"SO","TIPO_UTS":"Provincia","DEN_REG":"Lombardia","DEN_RIP":"Nord-Ovest","ONTOPIA":"https:\/\/w3id.org\/italia\/controlled-vocabulary\/territorial-classifications\/provinces\/014"},{"COD_RIP":"1","COD_REG":"3","COD_PROV":"15","COD_CM":"215","COD_UTS":"215","DEN_PROV":"-","DEN_CM":"Milano","DEN_UTS":"Milano","SIGLA":"MI","TIPO_UTS":"Citta metropolitana","DEN_REG":"Lombardia","DEN_RIP":"Nord-Ovest","ONTOPIA":"https:\/\/w3id.org\/italia\/controlled-vocabulary\/territorial-classifications\/provinces\/015"},{"COD_RIP":"1","COD_REG":"3","COD_PROV":"16","COD_CM":"0","COD_UTS":"16","DEN_PROV":"Bergamo","DEN_CM":"-","DEN_UTS":"Bergamo","SIGLA":"BG","TIPO_UTS":"Provincia","DEN_REG":"Lombardia","DEN_RIP":"Nord-Ovest","ONTOPIA":"https:\/\/w3id.org\/italia\/controlled-vocabulary\/territorial-classifications\/provinces\/016"},{"COD_RIP":"1","COD_REG":"3","COD_PROV":"17","COD_CM":"0","COD_UTS":"17","DEN_PROV":"Brescia","DEN_CM":"-","DEN_UTS":"Brescia","SIGLA":"BS","TIPO_UTS":"Provincia","DEN_REG":"Lombardia","DEN_RIP":"Nord-Ovest","ONTOPIA":"https:\/\/w3id.org\/italia\/controlled-vocabulary\/territorial-classifications\/provinces\/017"},{"COD_RIP":"1","COD_REG":"3","COD_PROV":"18","COD_CM":"0","COD_UTS":"18","DEN_PROV":"Pavia","DEN_CM":"-","DEN_UTS":"Pavia","SIGLA":"PV","TIPO_UTS":"Provincia","DEN_REG":"Lombardia","DEN_RIP":"Nord-Ovest","ONTOPIA":"https:\/\/w3id.org\/italia\/controlled-vocabulary\/territorial-classifications\/provinces\/018"},{"COD_RIP":"1","COD_REG":"3","COD_PROV":"19","COD_CM":"0","COD_UTS":"19","DEN_PROV":"Cremona","DEN_CM":"-","DEN_UTS":"Cremona","SIGLA":"CR","TIPO_UTS":"Provincia","DEN_REG":"Lombardia","DEN_RIP":"Nord-Ovest","ONTOPIA":"https:\/\/w3id.org\/italia\/controlled-vocabulary\/territorial-classifications\/provinces\/019"},{"COD_RIP":"1","COD_REG":"3","COD_PROV":"20","COD_CM":"0","COD_UTS":"20","DEN_PROV":"Mantova","DEN_CM":"-","DEN_UTS":"Mantova","SIGLA":"MN","TIPO_UTS":"Provincia","DEN_REG":"Lombardia","DEN_RIP":"Nord-Ovest","ONTOPIA":"https:\/\/w3id.org\/italia\/controlled-vocabulary\/territorial-classifications\/provinces\/020"},{"COD_RIP":"2","COD_REG":"4","COD_PROV":"21","COD_CM":"0","COD_UTS":"21","DEN_PROV":"Bolzano","DEN_CM":"-","DEN_UTS":"Bolzano","SIGLA":"BZ","TIPO_UTS":"Provincia autonoma","DEN_REG":"Trentino-Alto Adige","DEN_RIP":"Nord-Est","ONTOPIA":"https:\/\/w3id.org\/italia\/controlled-vocabulary\/territorial-classifications\/provinces\/021"},{"COD_RIP":"2","COD_REG":"4","COD_PROV":"22","COD_CM":"0","COD_UTS":"22","DEN_PROV":"Trento","DEN_CM":"-","DEN_UTS":"Trento","SIGLA":"TN","TIPO_UTS":"Provincia autonoma","DEN_REG":"Trentino-Alto Adige","DEN_RIP":"Nord-Est","ONTOPIA":"https:\/\/w3id.org\/italia\/controlled-vocabulary\/territorial-classifications\/provinces\/022"},{"COD_RIP":"2","COD_REG":"5","COD_PROV":"23","COD_CM":"0","COD_UTS":"23","DEN_PROV":"Verona","DEN_CM":"-","DEN_UTS":"Verona","SIGLA":"VR","TIPO_UTS":"Provincia","DEN_REG":"Veneto","DEN_RIP":"Nord-Est","ONTOPIA":"https:\/\/w3id.org\/italia\/controlled-vocabulary\/territorial-classifications\/provinces\/023"},{"COD_RIP":"2","COD_REG":"5","COD_PROV":"24","COD_CM":"0","COD_UTS":"24","DEN_PROV":"Vicenza","DEN_CM":"-","DEN_UTS":"Vicenza","SIGLA":"VI","TIPO_UTS":"Provincia","DEN_REG":"Veneto","DEN_RIP":"Nord-Est","ONTOPIA":"https:\/\/w3id.org\/italia\/controlled-vocabulary\/territorial-classifications\/provinces\/024"},{"COD_RIP":"2","COD_REG":"5","COD_PROV":"25","COD_CM":"0","COD_UTS":"25","DEN_PROV":"Belluno","DEN_CM":"-","DEN_UTS":"Belluno","SIGLA":"BL","TIPO_UTS":"Provincia","DEN_REG":"Veneto","DEN_RIP":"Nord-Est","ONTOPIA":"https:\/\/w3id.org\/italia\/controlled-vocabulary\/territorial-classifications\/provinces\/025"},{"COD_RIP":"2","COD_REG":"5","COD_PROV":"26","COD_CM":"0","COD_UTS":"26","DEN_PROV":"Treviso","DEN_CM":"-","DEN_UTS":"Treviso","SIGLA":"TV","TIPO_UTS":"Provincia","DEN_REG":"Veneto","DEN_RIP":"Nord-Est","ONTOPIA":"https:\/\/w3id.org\/italia\/controlled-vocabulary\/territorial-classifications\/provinces\/026"},{"COD_RIP":"2","COD_REG":"5","COD_PROV":"27","COD_CM":"227","COD_UTS":"227","DEN_PROV":"-","DEN_CM":"Venezia","DEN_UTS":"Venezia","SIGLA":"VE","TIPO_UTS":"Citta metropolitana","DEN_REG":"Veneto","DEN_RIP":"Nord-Est","ONTOPIA":"https:\/\/w3id.org\/italia\/controlled-vocabulary\/territorial-classifications\/provinces\/027"},{"COD_RIP":"2","COD_REG":"5","COD_PROV":"28","COD_CM":"0","COD_UTS":"28","DEN_PROV":"Padova","DEN_CM":"-","DEN_UTS":"Padova","SIGLA":"PD","TIPO_UTS":"Provincia","DEN_REG":"Veneto","DEN_RIP":"Nord-Est","ONTOPIA":"https:\/\/w3id.org\/italia\/controlled-vocabulary\/territorial-classifications\/provinces\/028"},{"COD_RIP":"2","COD_REG":"5","COD_PROV":"29","COD_CM":"0","COD_UTS":"29","DEN_PROV":"Rovigo","DEN_CM":"-","DEN_UTS":"Rovigo","SIGLA":"RO","TIPO_UTS":"Provincia","DEN_REG":"Veneto","DEN_RIP":"Nord-Est","ONTOPIA":"https:\/\/w3id.org\/italia\/controlled-vocabulary\/territorial-classifications\/provinces\/029"},{"COD_RIP":"2","COD_REG":"6","COD_PROV":"30","COD_CM":"0","COD_UTS":"30","DEN_PROV":"Udine","DEN_CM":"-","DEN_UTS":"Udine","SIGLA":"UD","TIPO_UTS":"Unit\u00e0 non amministrativa","DEN_REG":"Friuli Venezia Giulia","DEN_RIP":"Nord-Est","ONTOPIA":"https:\/\/w3id.org\/italia\/controlled-vocabulary\/territorial-classifications\/provinces\/030"},{"COD_RIP":"2","COD_REG":"6","COD_PROV":"31","COD_CM":"0","COD_UTS":"31","DEN_PROV":"Gorizia","DEN_CM":"-","DEN_UTS":"Gorizia","SIGLA":"GO","TIPO_UTS":"Unit\u00e0 non amministrativa","DEN_REG":"Friuli Venezia Giulia","DEN_RIP":"Nord-Est","ONTOPIA":"https:\/\/w3id.org\/italia\/controlled-vocabulary\/territorial-classifications\/provinces\/031"},{"COD_RIP":"2","COD_REG":"6","COD_PROV":"32","COD_CM":"0","COD_UTS":"32","DEN_PROV":"Trieste","DEN_CM":"-","DEN_UTS":"Trieste","SIGLA":"TS","TIPO_UTS":"Unit\u00e0 non amministrativa","DEN_REG":"Friuli Venezia Giulia","DEN_RIP":"Nord-Est","ONTOPIA":"https:\/\/w3id.org\/italia\/controlled-vocabulary\/territorial-classifications\/provinces\/032"},{"COD_RIP":"2","COD_REG":"8","COD_PROV":"33","COD_CM":"0","COD_UTS":"33","DEN_PROV":"Piacenza","DEN_CM":"-","DEN_UTS":"Piacenza","SIGLA":"PC","TIPO_UTS":"Provincia","DEN_REG":"Emilia-Romagna","DEN_RIP":"Nord-Est","ONTOPIA":"https:\/\/w3id.org\/italia\/controlled-vocabulary\/territorial-classifications\/provinces\/033"},{"COD_RIP":"2","COD_REG":"8","COD_PROV":"34","COD_CM":"0","COD_UTS":"34","DEN_PROV":"Parma","DEN_CM":"-","DEN_UTS":"Parma","SIGLA":"PR","TIPO_UTS":"Provincia","DEN_REG":"Emilia-Romagna","DEN_RIP":"Nord-Est","ONTOPIA":"https:\/\/w3id.org\/italia\/controlled-vocabulary\/territorial-classifications\/provinces\/034"},{"COD_RIP":"2","COD_REG":"8","COD_PROV":"35","COD_CM":"0","COD_UTS":"35","DEN_PROV":"Reggio nell'Emilia","DEN_CM":"-","DEN_UTS":"Reggio nell'Emilia","SIGLA":"RE","TIPO_UTS":"Provincia","DEN_REG":"Emilia-Romagna","DEN_RIP":"Nord-Est","ONTOPIA":"https:\/\/w3id.org\/italia\/controlled-vocabulary\/territorial-classifications\/provinces\/035"},{"COD_RIP":"2","COD_REG":"8","COD_PROV":"36","COD_CM":"0","COD_UTS":"36","DEN_PROV":"Modena","DEN_CM":"-","DEN_UTS":"Modena","SIGLA":"MO","TIPO_UTS":"Provincia","DEN_REG":"Emilia-Romagna","DEN_RIP":"Nord-Est","ONTOPIA":"https:\/\/w3id.org\/italia\/controlled-vocabulary\/territorial-classifications\/provinces\/036"},{"COD_RIP":"2","COD_REG":"8","COD_PROV":"37","COD_CM":"237","COD_UTS":"237","DEN_PROV":"-","DEN_CM":"Bologna","DEN_UTS":"Bologna","SIGLA":"BO","TIPO_UTS":"Citta metropolitana","DEN_REG":"Emilia-Romagna","DEN_RIP":"Nord-Est","ONTOPIA":"https:\/\/w3id.org\/italia\/controlled-vocabulary\/territorial-classifications\/provinces\/037"},{"COD_RIP":"2","COD_REG":"8","COD_PROV":"38","COD_CM":"0","COD_UTS":"38","DEN_PROV":"Ferrara","DEN_CM":"-","DEN_UTS":"Ferrara","SIGLA":"FE","TIPO_UTS":"Provincia","DEN_REG":"Emilia-Romagna","DEN_RIP":"Nord-Est","ONTOPIA":"https:\/\/w3id.org\/italia\/controlled-vocabulary\/territorial-classifications\/provinces\/038"},{"COD_RIP":"2","COD_REG":"8","COD_PROV":"39","COD_CM":"0","COD_UTS":"39","DEN_PROV":"Ravenna","DEN_CM":"-","DEN_UTS":"Ravenna","SIGLA":"RA","TIPO_UTS":"Provincia","DEN_REG":"Emilia-Romagna","DEN_RIP":"Nord-Est","ONTOPIA":"https:\/\/w3id.org\/italia\/controlled-vocabulary\/territorial-classifications\/provinces\/039"},{"COD_RIP":"2","COD_REG":"8","COD_PROV":"40","COD_CM":"0","COD_UTS":"40","DEN_PROV":"Forli'-Cesena","DEN_CM":"-","DEN_UTS":"Forli'-Cesena","SIGLA":"FC","TIPO_UTS":"Provincia","DEN_REG":"Emilia-Romagna","DEN_RIP":"Nord-Est","ONTOPIA":"https:\/\/w3id.org\/italia\/controlled-vocabulary\/territorial-classifications\/provinces\/040"},{"COD_RIP":"3","COD_REG":"11","COD_PROV":"41","COD_CM":"0","COD_UTS":"41","DEN_PROV":"Pesaro e Urbino","DEN_CM":"-","DEN_UTS":"Pesaro e Urbino","SIGLA":"PU","TIPO_UTS":"Provincia","DEN_REG":"Marche","DEN_RIP":"Centro","ONTOPIA":"https:\/\/w3id.org\/italia\/controlled-vocabulary\/territorial-classifications\/provinces\/041"},{"COD_RIP":"3","COD_REG":"11","COD_PROV":"42","COD_CM":"0","COD_UTS":"42","DEN_PROV":"Ancona","DEN_CM":"-","DEN_UTS":"Ancona","SIGLA":"AN","TIPO_UTS":"Provincia","DEN_REG":"Marche","DEN_RIP":"Centro","ONTOPIA":"https:\/\/w3id.org\/italia\/controlled-vocabulary\/territorial-classifications\/provinces\/042"},{"COD_RIP":"3","COD_REG":"11","COD_PROV":"43","COD_CM":"0","COD_UTS":"43","DEN_PROV":"Macerata","DEN_CM":"-","DEN_UTS":"Macerata","SIGLA":"MC","TIPO_UTS":"Provincia","DEN_REG":"Marche","DEN_RIP":"Centro","ONTOPIA":"https:\/\/w3id.org\/italia\/controlled-vocabulary\/territorial-classifications\/provinces\/043"},{"COD_RIP":"3","COD_REG":"11","COD_PROV":"44","COD_CM":"0","COD_UTS":"44","DEN_PROV":"Ascoli Piceno","DEN_CM":"-","DEN_UTS":"Ascoli Piceno","SIGLA":"AP","TIPO_UTS":"Provincia","DEN_REG":"Marche","DEN_RIP":"Centro","ONTOPIA":"https:\/\/w3id.org\/italia\/controlled-vocabulary\/territorial-classifications\/provinces\/044"},{"COD_RIP":"3","COD_REG":"9","COD_PROV":"45","COD_CM":"0","COD_UTS":"45","DEN_PROV":"Massa Carrara","DEN_CM":"-","DEN_UTS":"Massa Carrara","SIGLA":"MS","TIPO_UTS":"Provincia","DEN_REG":"Toscana","DEN_RIP":"Centro","ONTOPIA":"https:\/\/w3id.org\/italia\/controlled-vocabulary\/territorial-classifications\/provinces\/045"},{"COD_RIP":"3","COD_REG":"9","COD_PROV":"46","COD_CM":"0","COD_UTS":"46","DEN_PROV":"Lucca","DEN_CM":"-","DEN_UTS":"Lucca","SIGLA":"LU","TIPO_UTS":"Provincia","DEN_REG":"Toscana","DEN_RIP":"Centro","ONTOPIA":"https:\/\/w3id.org\/italia\/controlled-vocabulary\/territorial-classifications\/provinces\/046"},{"COD_RIP":"3","COD_REG":"9","COD_PROV":"47","COD_CM":"0","COD_UTS":"47","DEN_PROV":"Pistoia","DEN_CM":"-","DEN_UTS":"Pistoia","SIGLA":"PT","TIPO_UTS":"Provincia","DEN_REG":"Toscana","DEN_RIP":"Centro","ONTOPIA":"https:\/\/w3id.org\/italia\/controlled-vocabulary\/territorial-classifications\/provinces\/047"},{"COD_RIP":"3","COD_REG":"9","COD_PROV":"48","COD_CM":"248","COD_UTS":"248","DEN_PROV":"-","DEN_CM":"Firenze","DEN_UTS":"Firenze","SIGLA":"FI","TIPO_UTS":"Citta metropolitana","DEN_REG":"Toscana","DEN_RIP":"Centro","ONTOPIA":"https:\/\/w3id.org\/italia\/controlled-vocabulary\/territorial-classifications\/provinces\/048"},{"COD_RIP":"3","COD_REG":"9","COD_PROV":"49","COD_CM":"0","COD_UTS":"49","DEN_PROV":"Livorno","DEN_CM":"-","DEN_UTS":"Livorno","SIGLA":"LI","TIPO_UTS":"Provincia","DEN_REG":"Toscana","DEN_RIP":"Centro","ONTOPIA":"https:\/\/w3id.org\/italia\/controlled-vocabulary\/territorial-classifications\/provinces\/049"},{"COD_RIP":"3","COD_REG":"9","COD_PROV":"50","COD_CM":"0","COD_UTS":"50","DEN_PROV":"Pisa","DEN_CM":"-","DEN_UTS":"Pisa","SIGLA":"PI","TIPO_UTS":"Provincia","DEN_REG":"Toscana","DEN_RIP":"Centro","ONTOPIA":"https:\/\/w3id.org\/italia\/controlled-vocabulary\/territorial-classifications\/provinces\/050"},{"COD_RIP":"3","COD_REG":"9","COD_PROV":"51","COD_CM":"0","COD_UTS":"51","DEN_PROV":"Arezzo","DEN_CM":"-","DEN_UTS":"Arezzo","SIGLA":"AR","TIPO_UTS":"Provincia","DEN_REG":"Toscana","DEN_RIP":"Centro","ONTOPIA":"https:\/\/w3id.org\/italia\/controlled-vocabulary\/territorial-classifications\/provinces\/051"},{"COD_RIP":"3","COD_REG":"9","COD_PROV":"52","COD_CM":"0","COD_UTS":"52","DEN_PROV":"Siena","DEN_CM":"-","DEN_UTS":"Siena","SIGLA":"SI","TIPO_UTS":"Provincia","DEN_REG":"Toscana","DEN_RIP":"Centro","ONTOPIA":"https:\/\/w3id.org\/italia\/controlled-vocabulary\/territorial-classifications\/provinces\/052"},{"COD_RIP":"3","COD_REG":"9","COD_PROV":"53","COD_CM":"0","COD_UTS":"53","DEN_PROV":"Grosseto","DEN_CM":"-","DEN_UTS":"Grosseto","SIGLA":"GR","TIPO_UTS":"Provincia","DEN_REG":"Toscana","DEN_RIP":"Centro","ONTOPIA":"https:\/\/w3id.org\/italia\/controlled-vocabulary\/territorial-classifications\/provinces\/053"},{"COD_RIP":"3","COD_REG":"10","COD_PROV":"54","COD_CM":"0","COD_UTS":"54","DEN_PROV":"Perugia","DEN_CM":"-","DEN_UTS":"Perugia","SIGLA":"PG","TIPO_UTS":"Provincia","DEN_REG":"Umbria","DEN_RIP":"Centro","ONTOPIA":"https:\/\/w3id.org\/italia\/controlled-vocabulary\/territorial-classifications\/provinces\/054"},{"COD_RIP":"3","COD_REG":"10","COD_PROV":"55","COD_CM":"0","COD_UTS":"55","DEN_PROV":"Terni","DEN_CM":"-","DEN_UTS":"Terni","SIGLA":"TR","TIPO_UTS":"Provincia","DEN_REG":"Umbria","DEN_RIP":"Centro","ONTOPIA":"https:\/\/w3id.org\/italia\/controlled-vocabulary\/territorial-classifications\/provinces\/055"},{"COD_RIP":"3","COD_REG":"12","COD_PROV":"56","COD_CM":"0","COD_UTS":"56","DEN_PROV":"Viterbo","DEN_CM":"-","DEN_UTS":"Viterbo","SIGLA":"VT","TIPO_UTS":"Provincia","DEN_REG":"Lazio","DEN_RIP":"Centro","ONTOPIA":"https:\/\/w3id.org\/italia\/controlled-vocabulary\/territorial-classifications\/provinces\/056"},{"COD_RIP":"3","COD_REG":"12","COD_PROV":"57","COD_CM":"0","COD_UTS":"57","DEN_PROV":"Rieti","DEN_CM":"-","DEN_UTS":"Rieti","SIGLA":"RI","TIPO_UTS":"Provincia","DEN_REG":"Lazio","DEN_RIP":"Centro","ONTOPIA":"https:\/\/w3id.org\/italia\/controlled-vocabulary\/territorial-classifications\/provinces\/057"},{"COD_RIP":"3","COD_REG":"12","COD_PROV":"58","COD_CM":"258","COD_UTS":"258","DEN_PROV":"-","DEN_CM":"Roma","DEN_UTS":"Roma","SIGLA":"RM","TIPO_UTS":"Citta metropolitana","DEN_REG":"Lazio","DEN_RIP":"Centro","ONTOPIA":"https:\/\/w3id.org\/italia\/controlled-vocabulary\/territorial-classifications\/provinces\/058"},{"COD_RIP":"3","COD_REG":"12","COD_PROV":"59","COD_CM":"0","COD_UTS":"59","DEN_PROV":"Latina","DEN_CM":"-","DEN_UTS":"Latina","SIGLA":"LT","TIPO_UTS":"Provincia","DEN_REG":"Lazio","DEN_RIP":"Centro","ONTOPIA":"https:\/\/w3id.org\/italia\/controlled-vocabulary\/territorial-classifications\/provinces\/059"},{"COD_RIP":"3","COD_REG":"12","COD_PROV":"60","COD_CM":"0","COD_UTS":"60","DEN_PROV":"Frosinone","DEN_CM":"-","DEN_UTS":"Frosinone","SIGLA":"FR","TIPO_UTS":"Provincia","DEN_REG":"Lazio","DEN_RIP":"Centro","ONTOPIA":"https:\/\/w3id.org\/italia\/controlled-vocabulary\/territorial-classifications\/provinces\/060"},{"COD_RIP":"4","COD_REG":"15","COD_PROV":"61","COD_CM":"0","COD_UTS":"61","DEN_PROV":"Caserta","DEN_CM":"-","DEN_UTS":"Caserta","SIGLA":"CE","TIPO_UTS":"Provincia","DEN_REG":"Campania","DEN_RIP":"Sud","ONTOPIA":"https:\/\/w3id.org\/italia\/controlled-vocabulary\/territorial-classifications\/provinces\/061"},{"COD_RIP":"4","COD_REG":"15","COD_PROV":"62","COD_CM":"0","COD_UTS":"62","DEN_PROV":"Benevento","DEN_CM":"-","DEN_UTS":"Benevento","SIGLA":"BN","TIPO_UTS":"Provincia","DEN_REG":"Campania","DEN_RIP":"Sud","ONTOPIA":"https:\/\/w3id.org\/italia\/controlled-vocabulary\/territorial-classifications\/provinces\/062"},{"COD_RIP":"4","COD_REG":"15","COD_PROV":"63","COD_CM":"263","COD_UTS":"263","DEN_PROV":"-","DEN_CM":"Napoli","DEN_UTS":"Napoli","SIGLA":null,"TIPO_UTS":"Citta metropolitana","DEN_REG":"Campania","DEN_RIP":"Sud","ONTOPIA":"https:\/\/w3id.org\/italia\/controlled-vocabulary\/territorial-classifications\/provinces\/063"},{"COD_RIP":"4","COD_REG":"15","COD_PROV":"64","COD_CM":"0","COD_UTS":"64","DEN_PROV":"Avellino","DEN_CM":"-","DEN_UTS":"Avellino","SIGLA":"AV","TIPO_UTS":"Provincia","DEN_REG":"Campania","DEN_RIP":"Sud","ONTOPIA":"https:\/\/w3id.org\/italia\/controlled-vocabulary\/territorial-classifications\/provinces\/064"},{"COD_RIP":"4","COD_REG":"15","COD_PROV":"65","COD_CM":"0","COD_UTS":"65","DEN_PROV":"Salerno","DEN_CM":"-","DEN_UTS":"Salerno","SIGLA":"SA","TIPO_UTS":"Provincia","DEN_REG":"Campania","DEN_RIP":"Sud","ONTOPIA":"https:\/\/w3id.org\/italia\/controlled-vocabulary\/territorial-classifications\/provinces\/065"},{"COD_RIP":"4","COD_REG":"13","COD_PROV":"66","COD_CM":"0","COD_UTS":"66","DEN_PROV":"L'Aquila","DEN_CM":"-","DEN_UTS":"L'Aquila","SIGLA":"AQ","TIPO_UTS":"Provincia","DEN_REG":"Abruzzo","DEN_RIP":"Sud","ONTOPIA":"https:\/\/w3id.org\/italia\/controlled-vocabulary\/territorial-classifications\/provinces\/066"},{"COD_RIP":"4","COD_REG":"13","COD_PROV":"67","COD_CM":"0","COD_UTS":"67","DEN_PROV":"Teramo","DEN_CM":"-","DEN_UTS":"Teramo","SIGLA":"TE","TIPO_UTS":"Provincia","DEN_REG":"Abruzzo","DEN_RIP":"Sud","ONTOPIA":"https:\/\/w3id.org\/italia\/controlled-vocabulary\/territorial-classifications\/provinces\/067"},{"COD_RIP":"4","COD_REG":"13","COD_PROV":"68","COD_CM":"0","COD_UTS":"68","DEN_PROV":"Pescara","DEN_CM":"-","DEN_UTS":"Pescara","SIGLA":"PE","TIPO_UTS":"Provincia","DEN_REG":"Abruzzo","DEN_RIP":"Sud","ONTOPIA":"https:\/\/w3id.org\/italia\/controlled-vocabulary\/territorial-classifications\/provinces\/068"},{"COD_RIP":"4","COD_REG":"13","COD_PROV":"69","COD_CM":"0","COD_UTS":"69","DEN_PROV":"Chieti","DEN_CM":"-","DEN_UTS":"Chieti","SIGLA":"CH","TIPO_UTS":"Provincia","DEN_REG":"Abruzzo","DEN_RIP":"Sud","ONTOPIA":"https:\/\/w3id.org\/italia\/controlled-vocabulary\/territorial-classifications\/provinces\/069"},{"COD_RIP":"4","COD_REG":"14","COD_PROV":"70","COD_CM":"0","COD_UTS":"70","DEN_PROV":"Campobasso","DEN_CM":"-","DEN_UTS":"Campobasso","SIGLA":"CB","TIPO_UTS":"Provincia","DEN_REG":"Molise","DEN_RIP":"Sud","ONTOPIA":"https:\/\/w3id.org\/italia\/controlled-vocabulary\/territorial-classifications\/provinces\/070"},{"COD_RIP":"4","COD_REG":"16","COD_PROV":"71","COD_CM":"0","COD_UTS":"71","DEN_PROV":"Foggia","DEN_CM":"-","DEN_UTS":"Foggia","SIGLA":"FG","TIPO_UTS":"Provincia","DEN_REG":"Puglia","DEN_RIP":"Sud","ONTOPIA":"https:\/\/w3id.org\/italia\/controlled-vocabulary\/territorial-classifications\/provinces\/071"},{"COD_RIP":"4","COD_REG":"16","COD_PROV":"72","COD_CM":"272","COD_UTS":"272","DEN_PROV":"-","DEN_CM":"Bari","DEN_UTS":"Bari","SIGLA":"BA","TIPO_UTS":"Citta metropolitana","DEN_REG":"Puglia","DEN_RIP":"Sud","ONTOPIA":"https:\/\/w3id.org\/italia\/controlled-vocabulary\/territorial-classifications\/provinces\/072"},{"COD_RIP":"4","COD_REG":"16","COD_PROV":"73","COD_CM":"0","COD_UTS":"73","DEN_PROV":"Taranto","DEN_CM":"-","DEN_UTS":"Taranto","SIGLA":"TA","TIPO_UTS":"Provincia","DEN_REG":"Puglia","DEN_RIP":"Sud","ONTOPIA":"https:\/\/w3id.org\/italia\/controlled-vocabulary\/territorial-classifications\/provinces\/073"},{"COD_RIP":"4","COD_REG":"16","COD_PROV":"74","COD_CM":"0","COD_UTS":"74","DEN_PROV":"Brindisi","DEN_CM":"-","DEN_UTS":"Brindisi","SIGLA":"BR","TIPO_UTS":"Provincia","DEN_REG":"Puglia","DEN_RIP":"Sud","ONTOPIA":"https:\/\/w3id.org\/italia\/controlled-vocabulary\/territorial-classifications\/provinces\/074"},{"COD_RIP":"4","COD_REG":"16","COD_PROV":"75","COD_CM":"0","COD_UTS":"75","DEN_PROV":"Lecce","DEN_CM":"-","DEN_UTS":"Lecce","SIGLA":"LE","TIPO_UTS":"Provincia","DEN_REG":"Puglia","DEN_RIP":"Sud","ONTOPIA":"https:\/\/w3id.org\/italia\/controlled-vocabulary\/territorial-classifications\/provinces\/075"},{"COD_RIP":"4","COD_REG":"17","COD_PROV":"76","COD_CM":"0","COD_UTS":"76","DEN_PROV":"Potenza","DEN_CM":"-","DEN_UTS":"Potenza","SIGLA":"PZ","TIPO_UTS":"Provincia","DEN_REG":"Basilicata","DEN_RIP":"Sud","ONTOPIA":"https:\/\/w3id.org\/italia\/controlled-vocabulary\/territorial-classifications\/provinces\/076"},{"COD_RIP":"4","COD_REG":"17","COD_PROV":"77","COD_CM":"0","COD_UTS":"77","DEN_PROV":"Matera","DEN_CM":"-","DEN_UTS":"Matera","SIGLA":"MT","TIPO_UTS":"Provincia","DEN_REG":"Basilicata","DEN_RIP":"Sud","ONTOPIA":"https:\/\/w3id.org\/italia\/controlled-vocabulary\/territorial-classifications\/provinces\/077"},{"COD_RIP":"4","COD_REG":"18","COD_PROV":"78","COD_CM":"0","COD_UTS":"78","DEN_PROV":"Cosenza","DEN_CM":"-","DEN_UTS":"Cosenza","SIGLA":"CS","TIPO_UTS":"Provincia","DEN_REG":"Calabria","DEN_RIP":"Sud","ONTOPIA":"https:\/\/w3id.org\/italia\/controlled-vocabulary\/territorial-classifications\/provinces\/078"},{"COD_RIP":"4","COD_REG":"18","COD_PROV":"79","COD_CM":"0","COD_UTS":"79","DEN_PROV":"Catanzaro","DEN_CM":"-","DEN_UTS":"Catanzaro","SIGLA":"CZ","TIPO_UTS":"Provincia","DEN_REG":"Calabria","DEN_RIP":"Sud","ONTOPIA":"https:\/\/w3id.org\/italia\/controlled-vocabulary\/territorial-classifications\/provinces\/079"},{"COD_RIP":"4","COD_REG":"18","COD_PROV":"80","COD_CM":"280","COD_UTS":"280","DEN_PROV":"-","DEN_CM":"Reggio di Calabria","DEN_UTS":"Reggio di Calabria","SIGLA":"RC","TIPO_UTS":"Citta metropolitana","DEN_REG":"Calabria","DEN_RIP":"Sud","ONTOPIA":"https:\/\/w3id.org\/italia\/controlled-vocabulary\/territorial-classifications\/provinces\/080"},{"COD_RIP":"5","COD_REG":"19","COD_PROV":"81","COD_CM":"0","COD_UTS":"81","DEN_PROV":"Trapani","DEN_CM":"-","DEN_UTS":"Trapani","SIGLA":"TP","TIPO_UTS":"Libero consorzio di comuni","DEN_REG":"Sicilia","DEN_RIP":"Isole","ONTOPIA":"https:\/\/w3id.org\/italia\/controlled-vocabulary\/territorial-classifications\/provinces\/081"},{"COD_RIP":"5","COD_REG":"19","COD_PROV":"82","COD_CM":"282","COD_UTS":"282","DEN_PROV":"-","DEN_CM":"Palermo","DEN_UTS":"Palermo","SIGLA":"PA","TIPO_UTS":"Citta metropolitana","DEN_REG":"Sicilia","DEN_RIP":"Isole","ONTOPIA":"https:\/\/w3id.org\/italia\/controlled-vocabulary\/territorial-classifications\/provinces\/082"},{"COD_RIP":"5","COD_REG":"19","COD_PROV":"83","COD_CM":"283","COD_UTS":"283","DEN_PROV":"-","DEN_CM":"Messina","DEN_UTS":"Messina","SIGLA":"ME","TIPO_UTS":"Citta metropolitana","DEN_REG":"Sicilia","DEN_RIP":"Isole","ONTOPIA":"https:\/\/w3id.org\/italia\/controlled-vocabulary\/territorial-classifications\/provinces\/083"},{"COD_RIP":"5","COD_REG":"19","COD_PROV":"84","COD_CM":"0","COD_UTS":"84","DEN_PROV":"Agrigento","DEN_CM":"-","DEN_UTS":"Agrigento","SIGLA":"AG","TIPO_UTS":"Libero consorzio di comuni","DEN_REG":"Sicilia","DEN_RIP":"Isole","ONTOPIA":"https:\/\/w3id.org\/italia\/controlled-vocabulary\/territorial-classifications\/provinces\/084"},{"COD_RIP":"5","COD_REG":"19","COD_PROV":"85","COD_CM":"0","COD_UTS":"85","DEN_PROV":"Caltanissetta","DEN_CM":"-","DEN_UTS":"Caltanissetta","SIGLA":"CL","TIPO_UTS":"Libero consorzio di comuni","DEN_REG":"Sicilia","DEN_RIP":"Isole","ONTOPIA":"https:\/\/w3id.org\/italia\/controlled-vocabulary\/territorial-classifications\/provinces\/085"},{"COD_RIP":"5","COD_REG":"19","COD_PROV":"86","COD_CM":"0","COD_UTS":"86","DEN_PROV":"Enna","DEN_CM":"-","DEN_UTS":"Enna","SIGLA":"EN","TIPO_UTS":"Libero consorzio di comuni","DEN_REG":"Sicilia","DEN_RIP":"Isole","ONTOPIA":"https:\/\/w3id.org\/italia\/controlled-vocabulary\/territorial-classifications\/provinces\/086"},{"COD_RIP":"5","COD_REG":"19","COD_PROV":"87","COD_CM":"287","COD_UTS":"287","DEN_PROV":"-","DEN_CM":"Catania","DEN_UTS":"Catania","SIGLA":"CT","TIPO_UTS":"Citta metropolitana","DEN_REG":"Sicilia","DEN_RIP":"Isole","ONTOPIA":"https:\/\/w3id.org\/italia\/controlled-vocabulary\/territorial-classifications\/provinces\/087"},{"COD_RIP":"5","COD_REG":"19","COD_PROV":"88","COD_CM":"0","COD_UTS":"88","DEN_PROV":"Ragusa","DEN_CM":"-","DEN_UTS":"Ragusa","SIGLA":"RG","TIPO_UTS":"Libero consorzio di comuni","DEN_REG":"Sicilia","DEN_RIP":"Isole","ONTOPIA":"https:\/\/w3id.org\/italia\/controlled-vocabulary\/territorial-classifications\/provinces\/088"},{"COD_RIP":"5","COD_REG":"19","COD_PROV":"89","COD_CM":"0","COD_UTS":"89","DEN_PROV":"Siracusa","DEN_CM":"-","DEN_UTS":"Siracusa","SIGLA":"SR","TIPO_UTS":"Libero consorzio di comuni","DEN_REG":"Sicilia","DEN_RIP":"Isole","ONTOPIA":"https:\/\/w3id.org\/italia\/controlled-vocabulary\/territorial-classifications\/provinces\/089"},{"COD_RIP":"5","COD_REG":"20","COD_PROV":"90","COD_CM":"0","COD_UTS":"90","DEN_PROV":"Sassari","DEN_CM":"-","DEN_UTS":"Sassari","SIGLA":"SS","TIPO_UTS":"Provincia","DEN_REG":"Sardegna","DEN_RIP":"Isole","ONTOPIA":"https:\/\/w3id.org\/italia\/controlled-vocabulary\/territorial-classifications\/provinces\/090"},{"COD_RIP":"5","COD_REG":"20","COD_PROV":"91","COD_CM":"0","COD_UTS":"91","DEN_PROV":"Nuoro","DEN_CM":"-","DEN_UTS":"Nuoro","SIGLA":"NU","TIPO_UTS":"Provincia","DEN_REG":"Sardegna","DEN_RIP":"Isole","ONTOPIA":"https:\/\/w3id.org\/italia\/controlled-vocabulary\/territorial-classifications\/provinces\/091"},{"COD_RIP":"5","COD_REG":"20","COD_PROV":"92","COD_CM":"292","COD_UTS":"292","DEN_PROV":"-","DEN_CM":"Cagliari","DEN_UTS":"Cagliari","SIGLA":"CA","TIPO_UTS":"Citta metropolitana","DEN_REG":"Sardegna","DEN_RIP":"Isole","ONTOPIA":"https:\/\/w3id.org\/italia\/controlled-vocabulary\/territorial-classifications\/provinces\/092"},{"COD_RIP":"5","COD_REG":"20","COD_PROV":"95","COD_CM":"0","COD_UTS":"95","DEN_PROV":"Oristano","DEN_CM":"-","DEN_UTS":"Oristano","SIGLA":"OR","TIPO_UTS":"Provincia","DEN_REG":"Sardegna","DEN_RIP":"Isole","ONTOPIA":"https:\/\/w3id.org\/italia\/controlled-vocabulary\/territorial-classifications\/provinces\/095"},{"COD_RIP":"5","COD_REG":"20","COD_PROV":"111","COD_CM":"0","COD_UTS":"111","DEN_PROV":"Sud Sardegna","DEN_CM":"-","DEN_UTS":"Sud Sardegna","SIGLA":"SU","TIPO_UTS":"Provincia","DEN_REG":"Sardegna","DEN_RIP":"Isole","ONTOPIA":"https:\/\/w3id.org\/italia\/controlled-vocabulary\/territorial-classifications\/provinces\/111"}]